id,category,name,details,search_query,file_name
1,Food,Farine de Manioc Kinazi,1kg,Farine de Manioc Kinazi 1kg pack white background,001-farine-de-manioc-kinazi-1kg.jpg
2,Food,Farine de Manioc Kinazi,2kg,Farine de Manioc Kinazi 2kg pack white background,002-farine-de-manioc-kinazi-2kg.jpg
3,Food,Farine Manioc,400g,Farine Manioc 400g pack white background,003-farine-manioc-400g.jpg
4,Food,Farine Manioc,2500g,Farine Manioc 2500g pack white background,004-farine-manioc-2500g.jpg
5,Food,Attiéké Fatou,500g,Attiéké Fatou 500g white background,005-attieke-fatou-500g.jpg
6,Food,Attiéké Fatou,300g,Attiéké Fatou 300g white background,006-attieke-fatou-300g.jpg
7,Food,Fufu Cameroun Choix d’Afrique,,Fufu Cameroun Choix d’Afrique white background,007-fufu-cameroun-choix-d-afrique.jpg
8,Food,Farine de Foufou Plantain Tropiway,680g,Farine de Foufou Plantain Tropiway 680g pack white background,008-farine-de-foufou-plantain-tropiway-680g.jpg
9,Food,Farine de Foufou Plantain Choix d’Afrique,680g,Farine de Foufou Plantain Choix d’Afrique 680g pack white background,009-farine-de-foufou-plantain-choix-d-afrique-680g.jpg
10,Food,Manioc Gari Jaune,1kg,Manioc Gari Jaune 1kg white background,010-manioc-gari-jaune-1kg.jpg
11,Food,Manioc Gari Jaune,2kg,Manioc Gari Jaune 2kg white background,011-manioc-gari-jaune-2kg.jpg
12,Food,Farine de Maïs Maseso,4lb,Farine de Maïs Maseso 4lb pack white background,012-farine-de-mais-maseso-4lb.jpg
13,Food,MUSA Riz Jaune,40lbs,MUSA Riz Jaune 40lbs white background,013-musa-riz-jaune-40lbs.jpg
14,Food,MUSA Riz Jaune,4x10lb,MUSA Riz Jaune 4x10lb white background,014-musa-riz-jaune-4x10lb.jpg
15,Food,MUSA Riz Crevette,15kg,MUSA Riz Crevette 15kg white background,015-musa-riz-crevette-15kg.jpg
16,Food,MUSA Riz Crevette,7kg,MUSA Riz Crevette 7kg white background,016-musa-riz-crevette-7kg.jpg
17,Food,FERMA Medium Round Rice,,FERMA Medium Round Rice pack white background,017-ferma-medium-round-rice.jpg
18,Food,FERMA Parboiled Rice,,FERMA Parboiled Rice bottle white background,018-ferma-parboiled-rice.jpg
19,Food,MUSA Maïs #16,2kg,MUSA Maïs #16 2kg white background,019-musa-mais-16-2kg.jpg
20,Food,MUSA Avoine,6lb,MUSA Avoine 6lb white background,020-musa-avoine-6lb.jpg
21,Food,MUSA Haricots Noires,4kg,MUSA Haricots Noires 4kg pack white background,021-musa-haricots-noires-4kg.jpg
22,Food,MUSA Haricots Pinto,4kg,MUSA Haricots Pinto 4kg pack white background,022-musa-haricots-pinto-4kg.jpg
23,Food,MUSA Haricots Petit Rouges,4kg,MUSA Haricots Petit Rouges 4kg pack white background,023-musa-haricots-petit-rouges-4kg.jpg
24,Food,MUSA Haricots Noire,900g,MUSA Haricots Noire 900g pack white background,024-musa-haricots-noire-900g.jpg
25,Food,MUSA Haricots Pinto,900g,MUSA Haricots Pinto 900g pack white background,025-musa-haricots-pinto-900g.jpg
26,Food,MUSA Haricots Petit Rouge,900g,MUSA Haricots Petit Rouge 900g pack white background,026-musa-haricots-petit-rouge-900g.jpg
27,Food,FERMA Green Peas,,FERMA Green Peas pack white background,027-ferma-green-peas.jpg
28,Food,FERMA Green Lentils,,FERMA Green Lentils pack white background,028-ferma-green-lentils.jpg
29,Food,Sugar Demerara Gold,800g,Sugar Demerara Gold 800g white background,029-sugar-demerara-gold-800g.jpg
30,Food,Sucre Vanille Alsa,,Sucre Vanille Alsa white background,030-sucre-vanille-alsa.jpg
31,Food,Levure Chimique Alsa,,Levure Chimique Alsa white background,031-levure-chimique-alsa.jpg
32,Food,Levure Boulangère Alsa,,Levure Boulangère Alsa white background,032-levure-boulangere-alsa.jpg
33,Food,Cristaux de Menthe,,Cristaux de Menthe white background,033-cristaux-de-menthe.jpg
34,Food,Nido Milk Powder,,Nido Milk Powder pack white background,034-nido-milk-powder.jpg
35,Food,Cerelac Baby Cereal,,Cerelac Baby Cereal white background,035-cerelac-baby-cereal.jpg
36,Food,Palm Oil Regular,1L,Palm Oil Regular 1L bottle white background,036-palm-oil-regular-1l.jpg
37,Food,Palm Oil Regular,2L,Palm Oil Regular 2L bottle white background,037-palm-oil-regular-2l.jpg
38,Food,Palm Oil Zomi,1L,Palm Oil Zomi 1L bottle white background,038-palm-oil-zomi-1l.jpg
39,Food,Palm Oil Zomi,2L,Palm Oil Zomi 2L bottle white background,039-palm-oil-zomi-2l.jpg
40,Food,Palm Oil Zomi,4.5L,Palm Oil Zomi 4.5L bottle white background,040-palm-oil-zomi-4-5l.jpg
41,Food,Mr Goudas Vegetable Oil,1L,Mr Goudas Vegetable Oil 1L bottle white background,041-mr-goudas-vegetable-oil-1l.jpg
42,Food,Mr Goudas Vegetable Oil,3L,Mr Goudas Vegetable Oil 3L bottle white background,042-mr-goudas-vegetable-oil-3l.jpg
43,Food,Mr Goudas Canola Oil,3L,Mr Goudas Canola Oil 3L bottle white background,043-mr-goudas-canola-oil-3l.jpg
44,Food,Gallo Olive Oil,1L,Gallo Olive Oil 1L bottle white background,044-gallo-olive-oil-1l.jpg
45,Food,Gallo Classic Olive Oil,,Gallo Classic Olive Oil bottle white background,045-gallo-classic-olive-oil.jpg
46,Food,Huile Végétale Table Surchoix,1L,Huile Végétale Table Surchoix 1L white background,046-huile-vegetale-table-surchoix-1l.jpg
47,Food,Paladin Apple Cider Vinegar,,Paladin Apple Cider Vinegar bottle white background,047-paladin-apple-cider-vinegar.jpg
48,Food,Vinegar,1L,Vinegar 1L bottle white background,048-vinegar-1l.jpg
49,Food,Vinegar,4L,Vinegar 4L bottle white background,049-vinegar-4l.jpg
50,Food,Pâte d’Arachide Choix d’Afrique,500g,Pâte d’Arachide Choix d’Afrique 500g white background,050-pate-d-arachide-choix-d-afrique-500g.jpg
51,Food,Pâte d’Arachide Choix d’Afrique,750g,Pâte d’Arachide Choix d’Afrique 750g white background,051-pate-d-arachide-choix-d-afrique-750g.jpg
52,Food,Poudre d’Arachide Bonmafé,500g,Poudre d’Arachide Bonmafé 500g white background,052-poudre-d-arachide-bonmafe-500g.jpg
53,Food,Arachides Salées en Bouteille,500g,Arachides Salées en Bouteille 500g white background,053-arachides-salees-en-bouteille-500g.jpg
54,Food,Arachides Sucrées Cacahuète en Bouteille,500g,Arachides Sucrées Cacahuète en Bouteille 500g white background,054-arachides-sucrees-cacahuete-en-bouteille-500g.jpg
55,Food,Sauce Graine Choix d’Afrique,800g,Sauce Graine Choix d’Afrique 800g white background,055-sauce-graine-choix-d-afrique-800g.jpg
56,Food,Sauce Graine Choix d’Afrique,400g,Sauce Graine Choix d’Afrique 400g white background,056-sauce-graine-choix-d-afrique-400g.jpg
57,Food,Bonlé Condensed Milk,,Bonlé Condensed Milk can white background,057-bonle-condensed-milk.jpg
58,Food,Miel Brut Naturel CAM,500g,Miel Brut Naturel CAM 500g white background,058-miel-brut-naturel-cam-500g.jpg
59,Food,Pure Honey Bottle,,Pure Honey Bottle white background,059-pure-honey-bottle.jpg
60,Food,Lesieur Mayonnaise,500ml,Lesieur Mayonnaise 500ml bottle white background,060-lesieur-mayonnaise-500ml.jpg
61,Food,Lesieur Mayonnaise,750ml,Lesieur Mayonnaise 750ml bottle white background,061-lesieur-mayonnaise-750ml.jpg
62,Food,Aromate Mayonnaise,450ml,Aromate Mayonnaise 450ml bottle white background,062-aromate-mayonnaise-450ml.jpg
63,Food,Kraft Peanut Butter Smooth Creamy,,Kraft Peanut Butter Smooth Creamy jar white background,063-kraft-peanut-butter-smooth-creamy.jpg
64,Food,Blue Band Original,450g,Blue Band Original 450g jar white background,064-blue-band-original-450g.jpg
65,Canned Food,Sardine ANNY Vegetable Oil,125g,Sardine ANNY Vegetable Oil 125g bottle white background,065-sardine-anny-vegetable-oil-125g.jpg
66,Canned Food,Sardine ANNY Vegetable Oil & Piment,125g,Sardine ANNY Vegetable Oil & Piment 125g bottle white background,066-sardine-anny-vegetable-oil-and-piment-125g.jpg
67,Canned Food,TITUS Sardines Soya Oil,,TITUS Sardines Soya Oil bottle white background,067-titus-sardines-soya-oil.jpg
68,Canned Food,TITUS Sardines Vegetable Oil Spiced,,TITUS Sardines Vegetable Oil Spiced bottle white background,068-titus-sardines-vegetable-oil-spiced.jpg
69,Canned Food,Geisha Mackerel Red,425g,Geisha Mackerel Red 425g can white background,069-geisha-mackerel-red-425g.jpg
70,Canned Food,Geisha Mackerel Green,425g,Geisha Mackerel Green 425g can white background,070-geisha-mackerel-green-425g.jpg
71,Canned Food,Exeter Bœuf Salé,340g,Exeter Bœuf Salé 340g white background,071-exeter-b-uf-sale-340g.jpg
72,Canned Food,Bom Petisco Tuna,,Bom Petisco Tuna can white background,072-bom-petisco-tuna.jpg
73,Canned Food,Ocean’s Solid White Tuna,,Ocean’s Solid White Tuna can white background,073-ocean-s-solid-white-tuna.jpg
74,Canned Food,Spam Gochujang,,Spam Gochujang can white background,074-spam-gochujang.jpg
75,Canned Food,Geisha Jack Mackerel / Chinchard,,Geisha Jack Mackerel / Chinchard can white background,075-geisha-jack-mackerel-chinchard.jpg
76,Frozen Vegetables,FERMA Frozen Corn,,FERMA Frozen Corn pack white background,076-ferma-frozen-corn.jpg
77,Frozen Vegetables,FERMA Frozen Flat Green Beans,,FERMA Frozen Flat Green Beans pack white background,077-ferma-frozen-flat-green-beans.jpg
78,Frozen Vegetables,Frozen Fava Beans,,Frozen Fava Beans pack white background,078-frozen-fava-beans.jpg
79,Frozen Vegetables,FERMA Frozen Lima Beans,,FERMA Frozen Lima Beans pack white background,079-ferma-frozen-lima-beans.jpg
80,Frozen Vegetables,Frozen Mixed Vegetables,,Frozen Mixed Vegetables pack white background,080-frozen-mixed-vegetables.jpg
81,Frozen Vegetables,FERMA Frozen Green Peas,,FERMA Frozen Green Peas pack white background,081-ferma-frozen-green-peas.jpg
82,Frozen Vegetables,FERMA Frozen Peas & Carrots,,FERMA Frozen Peas & Carrots pack white background,082-ferma-frozen-peas-and-carrots.jpg
83,Frozen Vegetables,FERMA Portuguese Mix,,FERMA Portuguese Mix pack white background,083-ferma-portuguese-mix.jpg
84,Frozen Vegetables,Frozen 3-Way Mix Veg,,Frozen 3-Way Mix Veg pack white background,084-frozen-3-way-mix-veg.jpg
85,Frozen Vegetables,FERMA Frozen Cassava (Yuca),,FERMA Frozen Cassava (Yuca) pack white background,085-ferma-frozen-cassava-yuca.jpg
86,Frozen Vegetables,Frozen Pigeon Peas Tropical Harvest,,Frozen Pigeon Peas Tropical Harvest pack white background,086-frozen-pigeon-peas-tropical-harvest.jpg
87,Frozen Vegetables,FERMA Frozen Broccoli,,FERMA Frozen Broccoli pack white background,087-ferma-frozen-broccoli.jpg
88,Frozen Vegetables,Oriental Pearl California Mix,,Oriental Pearl California Mix pack white background,088-oriental-pearl-california-mix.jpg
89,Frozen Vegetables,Breaded Onion Rings,,Breaded Onion Rings white background,089-breaded-onion-rings.jpg
90,Frozen Fish,Raw Shrimp,16/20,Raw Shrimp 16/20 pack white background,090-raw-shrimp-16-20.jpg
91,Frozen Fish,Cook Clean Shrimp,100/200,Cook Clean Shrimp 100/200 pack white background,091-cook-clean-shrimp-100-200.jpg
92,Frozen Fish,Horse Mackerel Frozen Medium,,Horse Mackerel Frozen Medium can white background,092-horse-mackerel-frozen-medium.jpg
93,Frozen Fish,Horse Mackerel Frozen Large,3.17kg,Horse Mackerel Frozen Large 3.17kg can white background,093-horse-mackerel-frozen-large-3-17kg.jpg
94,Frozen Fish,Black Scabbard Fish,,Black Scabbard Fish pack white background,094-black-scabbard-fish.jpg
95,Frozen Fish,FERMA Whiting Sliced,,FERMA Whiting Sliced pack white background,095-ferma-whiting-sliced.jpg
96,Frozen Fish,FERMA Red Fish Whole,,FERMA Red Fish Whole pack white background,096-ferma-red-fish-whole.jpg
97,Frozen Fish,Red Fish With Head,,Red Fish With Head pack white background,097-red-fish-with-head.jpg
98,Frozen Fish,Tamboril / Monk Fish,,Tamboril / Monk Fish pack white background,098-tamboril-monk-fish.jpg
99,Frozen Fish,Pollock Fillets Salted Bulk,,Pollock Fillets Salted Bulk white background,099-pollock-fillets-salted-bulk.jpg
100,Frozen Fish,Poisson Catfish Congelé,,Poisson Catfish Congelé pack white background,100-poisson-catfish-congele.jpg
101,Frozen Fish,Poisson Tilapia Congelé,5LB,Poisson Tilapia Congelé 5LB pack white background,101-poisson-tilapia-congele-5lb.jpg
102,Dry Goods,Nacional Cotovelos,,Nacional Cotovelos white background,102-nacional-cotovelos.jpg
103,Dry Goods,Milaneza Laços / Bows,,Milaneza Laços / Bows white background,103-milaneza-lacos-bows.jpg
104,Dry Goods,Nacional Cotovelinhos,,Nacional Cotovelinhos white background,104-nacional-cotovelinhos.jpg
105,Dry Goods,Nacional Macarronete Riscado,,Nacional Macarronete Riscado white background,105-nacional-macarronete-riscado.jpg
106,Dry Goods,Nacional Búzios / Conchas,,Nacional Búzios / Conchas white background,106-nacional-buzios-conchas.jpg
107,Dry Goods,Napolitana Spaghetti,,Napolitana Spaghetti pack white background,107-napolitana-spaghetti.jpg
108,Dry Goods,Nacional Cotovelinhos Finos,,Nacional Cotovelinhos Finos white background,108-nacional-cotovelinhos-finos.jpg
109,Dry Goods,Nacional Aletria Milaneza,,Nacional Aletria Milaneza white background,109-nacional-aletria-milaneza.jpg
110,Dry Goods,Massa de Meada Normal,,Massa de Meada Normal white background,110-massa-de-meada-normal.jpg
111,Dry Goods,Nacional Pevide / Midolline,,Nacional Pevide / Midolline white background,111-nacional-pevide-midolline.jpg
112,Dry Goods,Nacional Argolinhas,,Nacional Argolinhas white background,112-nacional-argolinhas.jpg
113,Dry Goods,Nacional Estrelinhas,,Nacional Estrelinhas white background,113-nacional-estrelinhas.jpg
114,Dry Goods,Nacional Cuscus,,Nacional Cuscus pack white background,114-nacional-cuscus.jpg
115,Dry Goods,Nacional Letras & Algarismo,,Nacional Letras & Algarismo white background,115-nacional-letras-and-algarismo.jpg
116,Dry Goods,Nacional Pontinhas,,Nacional Pontinhas white background,116-nacional-pontinhas.jpg
117,Dry Goods,Milaneza Espirais / Fusili,,Milaneza Espirais / Fusili white background,117-milaneza-espirais-fusili.jpg
118,Dry Goods,FERMA Dry Popping Corn,,FERMA Dry Popping Corn pack white background,118-ferma-dry-popping-corn.jpg
119,Dry Goods,Five Roses Flour,,Five Roses Flour pack white background,119-five-roses-flour.jpg
120,Spices,Hot Paprika,,Hot Paprika white background,120-hot-paprika.jpg
121,Spices,Sweet Paprika,,Sweet Paprika white background,121-sweet-paprika.jpg
122,Spices,Red Chillies Crushed,,Red Chillies Crushed white background,122-red-chillies-crushed.jpg
123,Spices,Chillies Whole,,Chillies Whole white background,123-chillies-whole.jpg
124,Spices,Macarico Piri-Piri,,Macarico Piri-Piri white background,124-macarico-piri-piri.jpg
125,Spices,Tablettes Jumbo Original,,Tablettes Jumbo Original white background,125-tablettes-jumbo-original.jpg
126,Spices,Jumbo Powder Aroma,,Jumbo Powder Aroma pack white background,126-jumbo-powder-aroma.jpg
127,Spices,Jumbo Powder Poulet,,Jumbo Powder Poulet pack white background,127-jumbo-powder-poulet.jpg
128,Spices,Arome Maggi Assaisonnement Liquide,,Arome Maggi Assaisonnement Liquide bottle white background,128-arome-maggi-assaisonnement-liquide.jpg
129,Spices,MUSA Clou de Girofle Entier,40g,MUSA Clou de Girofle Entier 40g white background,129-musa-clou-de-girofle-entier-40g.jpg
130,Spices,MUSA Anis Étoilé,35g,MUSA Anis Étoilé 35g bottle white background,130-musa-anis-etoile-35g.jpg
131,Spices,MUSA Cannelle Bâton,45g,MUSA Cannelle Bâton 45g white background,131-musa-cannelle-baton-45g.jpg
132,Spices,MUSA Feuille Laurier,15g,MUSA Feuille Laurier 15g white background,132-musa-feuille-laurier-15g.jpg
133,Spices,MUSA Poivre Noir Moulu,50g,MUSA Poivre Noir Moulu 50g white background,133-musa-poivre-noir-moulu-50g.jpg
134,Spices,MUSA Cannelle Moulue,45g,MUSA Cannelle Moulue 45g white background,134-musa-cannelle-moulue-45g.jpg
135,Spices,MUSA Anis Moulu,40g,MUSA Anis Moulu 40g white background,135-musa-anis-moulu-40g.jpg
136,Spices,MUSA Clou de Girofle Moulu,40g,MUSA Clou de Girofle Moulu 40g white background,136-musa-clou-de-girofle-moulu-40g.jpg
137,Spices,MUSA Muscade Entière,45g,MUSA Muscade Entière 45g white background,137-musa-muscade-entiere-45g.jpg
138,Spices,MUSA Curcuma,80g,MUSA Curcuma 80g white background,138-musa-curcuma-80g.jpg
139,Spices,Cubes Poulet,12x10g,Cubes Poulet 12x10g white background,139-cubes-poulet-12x10g.jpg
140,Spices,Nutmeg Whole,,Nutmeg Whole white background,140-nutmeg-whole.jpg
141,Spices,Piment en Poudre Chili Choix d’Afrique,250g,Piment en Poudre Chili Choix d’Afrique 250g white background,141-piment-en-poudre-chili-choix-d-afrique-250g.jpg
142,Spices,MUSA Coconut Cream,400ml,MUSA Coconut Cream 400ml can white background,142-musa-coconut-cream-400ml.jpg
143,Spices,MUSA Coconut Milk,400ml,MUSA Coconut Milk 400ml can white background,143-musa-coconut-milk-400ml.jpg
144,Spices,MUSA Cinnamon Powder,,MUSA Cinnamon Powder pack white background,144-musa-cinnamon-powder.jpg
145,Spices,MUSA Curry Powder,,MUSA Curry Powder pack white background,145-musa-curry-powder.jpg
146,Spices,MUSA Chili Powder,,MUSA Chili Powder pack white background,146-musa-chili-powder.jpg
147,Spices,MUSA Turmeric Powder,,MUSA Turmeric Powder pack white background,147-musa-turmeric-powder.jpg
148,Spices,MUSA Mixed Spices,,MUSA Mixed Spices pack white background,148-musa-mixed-spices.jpg
149,Spices,MUSA Whole Cloves Pack,,MUSA Whole Cloves Pack white background,149-musa-whole-cloves-pack.jpg
150,Spices,MUSA Cinnamon Sticks Pack,,MUSA Cinnamon Sticks Pack white background,150-musa-cinnamon-sticks-pack.jpg
151,Spices,FERMA Red Chilli Whole Pack,,FERMA Red Chilli Whole Pack white background,151-ferma-red-chilli-whole-pack.jpg
152,Spices,FERMA Red Chilli Crushed Pack,,FERMA Red Chilli Crushed Pack white background,152-ferma-red-chilli-crushed-pack.jpg
153,Spices,FERMA Sweet Paprika Pack,,FERMA Sweet Paprika Pack white background,153-ferma-sweet-paprika-pack.jpg
154,Spices,FERMA Hot Paprika Pack,,FERMA Hot Paprika Pack white background,154-ferma-hot-paprika-pack.jpg
155,Spices,Cajun Seasoning Jar,,Cajun Seasoning Jar white background,155-cajun-seasoning-jar.jpg
156,Spices,Mixed Spice Seasoning Jar,,Mixed Spice Seasoning Jar pack white background,156-mixed-spice-seasoning-jar.jpg
157,Drinks,Sumol Orange Drink Can,,Sumol Orange Drink Can bottle white background,157-sumol-orange-drink-can.jpg
158,Drinks,Sumol Pineapple Drink Can,,Sumol Pineapple Drink Can bottle white background,158-sumol-pineapple-drink-can.jpg
159,Drinks,Sagres Mineral Water,,Sagres Mineral Water bottle white background,159-sagres-mineral-water.jpg
160,Drinks,Guaraná Antarctica Can,,Guaraná Antarctica Can white background,160-guarana-antarctica-can.jpg
161,Drinks,Guaraná Antarctica Zero,,Guaraná Antarctica Zero white background,161-guarana-antarctica-zero.jpg
162,Drinks,Malta Guinness,330ml,Malta Guinness 330ml bottle white background,162-malta-guinness-330ml.jpg
163,Drinks,Makaya Banane,591ml,Makaya Banane 591ml white background,163-makaya-banane-591ml.jpg
164,Drinks,Cola Couronne Fruit Champagne,200ml,Cola Couronne Fruit Champagne 200ml white background,164-cola-couronne-fruit-champagne-200ml.jpg
165,Drinks,Cola Couronne Fruit Champagne,2L,Cola Couronne Fruit Champagne 2L white background,165-cola-couronne-fruit-champagne-2l.jpg
166,Drinks,The Popshoppe Rocket Blast,355ml,The Popshoppe Rocket Blast 355ml white background,166-the-popshoppe-rocket-blast-355ml.jpg
167,Drinks,The Popshoppe Pineapple,355ml,The Popshoppe Pineapple 355ml white background,167-the-popshoppe-pineapple-355ml.jpg
168,Drinks,The Popshoppe Cotton Candy,355ml,The Popshoppe Cotton Candy 355ml white background,168-the-popshoppe-cotton-candy-355ml.jpg
169,Drinks,The Popshoppe Lime Ricky,355ml,The Popshoppe Lime Ricky 355ml white background,169-the-popshoppe-lime-ricky-355ml.jpg
170,Drinks,The Popshoppe Cream Soda,355ml,The Popshoppe Cream Soda 355ml white background,170-the-popshoppe-cream-soda-355ml.jpg
171,Drinks,Basil Seed Cocktail,290ml,Basil Seed Cocktail 290ml white background,171-basil-seed-cocktail-290ml.jpg
172,Drinks,Basil Seed Kiwi,290ml,Basil Seed Kiwi 290ml white background,172-basil-seed-kiwi-290ml.jpg
173,Drinks,Basil Seed Strawberry,290ml,Basil Seed Strawberry 290ml white background,173-basil-seed-strawberry-290ml.jpg
174,Drinks,Basil Seed Pomegranate,290ml,Basil Seed Pomegranate 290ml white background,174-basil-seed-pomegranate-290ml.jpg
175,Drinks,Basil Seed Lychee,290ml,Basil Seed Lychee 290ml white background,175-basil-seed-lychee-290ml.jpg
176,Drinks,Basil Seed Mango,290ml,Basil Seed Mango 290ml white background,176-basil-seed-mango-290ml.jpg
177,Drinks,Calypso Island Wave Lemonade,473ml,Calypso Island Wave Lemonade 473ml white background,177-calypso-island-wave-lemonade-473ml.jpg
178,Drinks,Calypso Kiwi Lemonade,473ml,Calypso Kiwi Lemonade 473ml white background,178-calypso-kiwi-lemonade-473ml.jpg
179,Drinks,Calypso Paradise Punch Lemonade,473ml,Calypso Paradise Punch Lemonade 473ml white background,179-calypso-paradise-punch-lemonade-473ml.jpg
180,Drinks,Twist & Drink Cherry,200ml,Twist & Drink Cherry 200ml bottle white background,180-twist-and-drink-cherry-200ml.jpg
181,Drinks,Twist & Drink Wildberry,200ml,Twist & Drink Wildberry 200ml bottle white background,181-twist-and-drink-wildberry-200ml.jpg
182,Drinks,Compal Vital Mango/Orange,,Compal Vital Mango/Orange white background,182-compal-vital-mango-orange.jpg
183,Drinks,Compal Mango Nectar,,Compal Mango Nectar white background,183-compal-mango-nectar.jpg
184,Drinks,Compal Pear Nectar,,Compal Pear Nectar white background,184-compal-pear-nectar.jpg
185,Drinks,Compal Peach Nectar,,Compal Peach Nectar white background,185-compal-peach-nectar.jpg
186,Drinks,Compal Guava Nectar,,Compal Guava Nectar white background,186-compal-guava-nectar.jpg
187,Drinks,Compal Fresh 100% Orange,,Compal Fresh 100% Orange white background,187-compal-fresh-100-orange.jpg
188,Drinks,Compal Vital Orange/Carrot/Mango,,Compal Vital Orange/Carrot/Mango white background,188-compal-vital-orange-carrot-mango.jpg
189,Drinks,Compal Fresh 100% Apple,,Compal Fresh 100% Apple white background,189-compal-fresh-100-apple.jpg
190,Drinks,Compal Passionfruit Fresh,,Compal Passionfruit Fresh white background,190-compal-passionfruit-fresh.jpg
191,Drinks,Compal Passion Fruit/Mango,,Compal Passion Fruit/Mango white background,191-compal-passion-fruit-mango.jpg
192,Drinks,Compal Multi-Fruit Nectar,,Compal Multi-Fruit Nectar white background,192-compal-multi-fruit-nectar.jpg
193,Drinks,Compal Pineapple Nectar,,Compal Pineapple Nectar white background,193-compal-pineapple-nectar.jpg
194,Drinks,Compal Light Pine/Coconut,,Compal Light Pine/Coconut white background,194-compal-light-pine-coconut.jpg
195,Drinks,MUSA Jus Cocktail,1L,MUSA Jus Cocktail 1L white background,195-musa-jus-cocktail-1l.jpg
196,Drinks,MUSA Jus Goyave,1L,MUSA Jus Goyave 1L white background,196-musa-jus-goyave-1l.jpg
197,Drinks,MUSA Jus Mangue,1L,MUSA Jus Mangue 1L white background,197-musa-jus-mangue-1l.jpg
198,Drinks,MUSA Jus Orange,1L,MUSA Jus Orange 1L white background,198-musa-jus-orange-1l.jpg
199,Drinks,Bissap,160g,Bissap 160g white background,199-bissap-160g.jpg
200,Drinks,Lipton Yellow Label Tea,,Lipton Yellow Label Tea white background,200-lipton-yellow-label-tea.jpg
201,Drinks,Thé Gingembre & Miel Ann,,Thé Gingembre & Miel Ann white background,201-the-gingembre-and-miel-ann.jpg
202,Drinks,Naya Bottled Water,,Naya Bottled Water white background,202-naya-bottled-water.jpg
203,Snacks,Chocolate Umbrellas,,Chocolate Umbrellas white background,203-chocolate-umbrellas.jpg
204,Snacks,Kinder Surprise Classic,,Kinder Surprise Classic white background,204-kinder-surprise-classic.jpg
205,Snacks,V.C. Dig. Thins Wild Fruits,,V.C. Dig. Thins Wild Fruits white background,205-v-c-dig-thins-wild-fruits.jpg
206,Snacks,Moacor Biscuits,,Moacor Biscuits white background,206-moacor-biscuits.jpg
207,Snacks,Gorila Gum Tutti,,Gorila Gum Tutti white background,207-gorila-gum-tutti.jpg
208,Snacks,FERMA Sugar Almonds,,FERMA Sugar Almonds white background,208-ferma-sugar-almonds.jpg
209,Snacks,Hanging Snack Packs,,Hanging Snack Packs white background,209-hanging-snack-packs.jpg
210,Snacks,Boxed Cookies / Biscuits,,Boxed Cookies / Biscuits white background,210-boxed-cookies-biscuits.jpg
211,Household,Old Dutch Bleach,,Old Dutch Bleach white background,211-old-dutch-bleach.jpg
212,Household,Fabuloso Montanha Liquid Detergent,,Fabuloso Montanha Liquid Detergent bottle white background,212-fabuloso-montanha-liquid-detergent.jpg
213,Household,Fabuloso Floral Liquid Detergent,,Fabuloso Floral Liquid Detergent bottle white background,213-fabuloso-floral-liquid-detergent.jpg
214,Household,Fabuloso Ajax Spring Floor Detergent,,Fabuloso Ajax Spring Floor Detergent white background,214-fabuloso-ajax-spring-floor-detergent.jpg
215,Household,Fabuloso Lavanda Liquid Detergent,,Fabuloso Lavanda Liquid Detergent bottle white background,215-fabuloso-lavanda-liquid-detergent.jpg
216,Household,Clarim Laundry Large Bar Soap,,Clarim Laundry Large Bar Soap white background,216-clarim-laundry-large-bar-soap.jpg
217,Fresh Vegetables,Pondu,,Pondu white background,217-pondu.jpg
218,Fresh Vegetables,Matembele,,Matembele white background,218-matembele.jpg
219,Fresh Vegetables,Fumbwa,,Fumbwa white background,219-fumbwa.jpg
220,Fresh Vegetables,Biteku / Ntete,,Biteku / Ntete white background,220-biteku-ntete.jpg
221,Fresh Vegetables,Ngai Ngai,,Ngai Ngai white background,221-ngai-ngai.jpg
222,Cosmetics,Ever Sheen Cocoa Butter Hand & Body Lotion,,Ever Sheen Cocoa Butter Hand & Body Lotion bottle white background,222-ever-sheen-cocoa-butter-hand-and-body-lotion.jpg
223,Cosmetics,Caro Light Cream,,Caro Light Cream white background,223-caro-light-cream.jpg
224,Cosmetics,Caro Light Lotion,,Caro Light Lotion bottle white background,224-caro-light-lotion.jpg
225,Cosmetics,Clinic Clear Whitening Body Lotion,,Clinic Clear Whitening Body Lotion bottle white background,225-clinic-clear-whitening-body-lotion.jpg
226,Cosmetics,Paw Paw Lait Clarifiant,,Paw Paw Lait Clarifiant white background,226-paw-paw-lait-clarifiant.jpg
227,Cosmetics,Paw Paw Cream Jar,,Paw Paw Cream Jar white background,227-paw-paw-cream-jar.jpg
228,Cosmetics,Bio Plus Papaya Lotion,,Bio Plus Papaya Lotion bottle white background,228-bio-plus-papaya-lotion.jpg
229,Cosmetics,Aloe Vera Body Lotion,,Aloe Vera Body Lotion bottle white background,229-aloe-vera-body-lotion.jpg
230,Cosmetics,Dermaclar Body Lotion,,Dermaclar Body Lotion bottle white background,230-dermaclar-body-lotion.jpg
231,Cosmetics,Cocopulp Cream,,Cocopulp Cream white background,231-cocopulp-cream.jpg
232,Cosmetics,Dettol Antiseptic Liquid,,Dettol Antiseptic Liquid bottle white background,232-dettol-antiseptic-liquid.jpg
233,Cosmetics,Rapid Clair,,Rapid Clair white background,233-rapid-clair.jpg
234,Cosmetics,Extra Clair,,Extra Clair white background,234-extra-clair.jpg
235,Cosmetics,Miki Clair,,Miki Clair white background,235-miki-clair.jpg
236,Cosmetics,Belleza Crème,,Belleza Crème white background,236-belleza-creme.jpg
237,Cosmetics,UB Cream Jar,,UB Cream Jar white background,237-ub-cream-jar.jpg
238,Cosmetics,Clarimen For Men,,Clarimen For Men white background,238-clarimen-for-men.jpg
239,Cosmetics,Talc Powder,,Talc Powder pack white background,239-talc-powder.jpg
240,Cosmetics,Confo Perfume / Oil,,Confo Perfume / Oil bottle white background,240-confo-perfume-oil.jpg
241,Medical,Protection Baume de Nerfs,80ml,Protection Baume de Nerfs 80ml white background,241-protection-baume-de-nerfs-80ml.jpg
242,Medical,Protection Baume de Nerfs,130ml,Protection Baume de Nerfs 130ml white background,242-protection-baume-de-nerfs-130ml.jpg
243,Medical,Dola Gel Plus,,Dola Gel Plus white background,243-dola-gel-plus.jpg
244,Medical,Funbact-A Triple Action Cream,,Funbact-A Triple Action Cream white background,244-funbact-a-triple-action-cream.jpg
245,Medical,Ketazol Cream,,Ketazol Cream white background,245-ketazol-cream.jpg
246,Medical,Victago Pommade,,Victago Pommade white background,246-victago-pommade.jpg
247,Medical,Leopard Balsamo,,Leopard Balsamo white background,247-leopard-balsamo.jpg
248,Medical,Leopard Spray,,Leopard Spray bottle white background,248-leopard-spray.jpg
